{
  "type": "minecraft:block",
  "pools": [
    {
      "rolls": 1.0,
      "bonus_rolls": 0.0,
      "entries": [
        {
          "type": "minecraft:alternatives",
          "children": [
            {
              "type": "minecraft:item",
              "conditions": [
                {
                  "condition": "minecraft:block_state_property",
                  "block": "glyphmod:blueberry_crop",
                  "properties": {
                    "age": "6"
                  }
                }
              ],
              "name": "glyphmod:blueberry"
            },
            {
              "type": "minecraft:item",
              "name": "glyphmod:blueberry_seeds"
            }
          ]
        }
      ]
    },
    {
      "rolls": 1.0,
      "bonus_rolls": 0.0,
      "entries": [
        {
          "type": "minecraft:item",
          "functions": [
            {
              "function": "minecraft:apply_bonus",
              "enchantment": "minecraft:fortune",
              "formula": "minecraft:binomial_with_bonus_count",
              "parameters": {
                "extra": 3,
                "probability": 0.5714286
              }
            }
          ],
          "name": "glyphmod:blueberry_seeds"
        }
      ],
      "conditions": [
        {
          "condition": "minecraft:block_state_property",
          "block": "glyphmod:blueberry_crop",
          "properties": {
            "age": "6"
          }
        }
      ]
    }
  ],
  "functions": [
    {
      "function": "minecraft:explosion_decay"
    }
  ]
}